metric,n_positive,n_total_stays,rate
falencia_normal,55040,72580,0.7583356296500413
falencia_2of3_45min,20739,72580,0.28573987324331773
falencia_2of3_60min,20498,72580,0.2824193992835492
mortality,5097,72580,0.07022595756406724
