reference_dataset,reference_cluster,target_dataset,target_cluster,distance_mortality_fnormal,mimic_mortality_rate,mimic_falencia_normal_rate,target_mortality_rate,target_falencia_normal_rate,mimic_n,target_n
mimic,0,eicu,1,0.13628751264354558,0.0733820957226904,0.4368739068214342,0.1095032075190213,0.3054602416828286,12578,40218
mimic,1,eicu,3,0.051983565956220786,0.0519039839135352,0.2425537262787482,0.0527690850104791,0.1905773592489449,15914,34831
mimic,2,eicu,2,0.18781587338880568,0.050412226675791,0.32055919444716,0.067576976636237,0.1335293207488782,30687,51704
mimic,3,eicu,0,0.05374252878937134,0.1343929557495709,0.1528244160883516,0.1133468655311387,0.1033742241049627,13401,67986
mimic,0,nwicu,2,0.1332301356969535,0.0733820957226904,0.4368739068214342,0.2066013292779092,0.4351695392587585,12578,8877
mimic,1,nwicu,1,0.38247316592294267,0.0519039839135352,0.2425537262787482,0.4341463414634146,0.2292682926829268,15914,615
mimic,2,nwicu,3,0.19198505862826518,0.050412226675791,0.32055919444716,0.2418680297397769,0.3348048327137546,30687,4304
mimic,3,nwicu,0,0.10894214750779777,0.1343929557495709,0.1528244160883516,0.2320143884892086,0.2011819116135663,13401,3892
