cluster,n,falencia,mortality,phenotype,dataset
0,67986,0.1323213602800576,0.1133468655311387,mixed,eicu
1,40218,0.3501417275846636,0.1095032075190213,mixed,eicu
2,51704,0.1746479962865542,0.067576976636237,mixed,eicu
3,34831,0.2510694496282047,0.0527690850104791,mixed,eicu
0,12578,0.4166799173159485,0.0733820957226904,mixed,mimic
1,15914,0.2268442880482594,0.0519039839135352,mixed,mimic
2,30687,0.3038094307035552,0.050412226675791,mixed,mimic
3,13401,0.143496753973584,0.1343929557495709,mixed,mimic
