cluster,n,falencia,mortality
0,102209,0.13988983357629955,0.09863123599683002
1,92530,0.28698800389063006,0.07955257754241868
