{
  "silhouette": 0.7135624289512634,
  "calinski_harabasz": 10988.406120181355,
  "davies_bouldin": 0.5968323369956898,
  "n_clusters": 2,
  "clusterer": "kmeans",
  "k": 2
}