model,seed,val_loss,val_auc,val_auprc,val_f1,val_precision,val_recall,test_loss,test_auc,test_auprc,test_f1,test_precision,test_recall
Transformer,42,0.034688832621513316,0.9948606631022131,0.9203671588870711,0.8338927118294489,0.8370158467271427,0.8307927968318015,0.03852785542079534,0.9953140160168474,0.9230858044361263,0.8300417075564278,0.8302199319039293,0.829863559711789
