model,seed,val_loss,val_auc,val_auprc,val_f1,val_precision,val_recall,test_loss,test_auc,test_auprc,test_f1,test_precision,test_recall
Transformer,42,0.03677312551833687,0.9932903721026768,0.8630344514829866,0.7377574052852729,0.8630506491607222,0.6442312357479016,0.04160295561064995,0.9936259399427398,0.8747738336788085,0.743710748036657,0.8694567897794558,0.6497412778894106
